feature,correlation_with_class
amt,0.22899666526192203
unix_time,-0.013438465867634882
merch_lat,0.0036823382505971375
lat,0.003537386884448959
cc_num,0.001696408424413334
zip,-0.0015579274187069992
city_pop,-0.0003502628755715297
merch_long,6.272891266059039e-05
long,5.6888838900305025e-05
