feature,importance
amt,0.7588711438227471
unix_time,0.04988749964403077
city_pop,0.03175284416740533
merch_lat,0.030675737368290074
merch_long,0.03045891311083025
cc_num,0.025617958642949794
lat,0.02559644332074791
zip,0.024382930028717303
long,0.022756529894281424
